,0
ozone,3532
ozono,3457
ozonoterapia,1321
terapia,704
in,541
layer,486
que,476
generator,459
hole,380
es,360
per,351
de,310
keratin,267
ossigeno,266
en,262
gas,241
oil,230
treatment,210
di,207
hair,187
for,184
e,181
bar,177
buco,170
water,157
vapor,150
a,149
ernia,144
la,142
el,136
para,125
kite,115
group,113
y,112
schiena,105
system,105
dell'ozono,104
capa,98
ozonated,88
roma,83
con,80
ozonizzatore,80
cervicale,79
2022,75
and,74
cellulite,74
cosa,73
significa,73
spray,73
si,72
infiltrazioni,72
the,70
acqua,69
del,69
milano,68
formula,68
wikipedia,68
come,66
is,66
crema,64
sangue,60
wing,60
auto,59
bg,58
fa,57
ion,57
wasp,57
depletion,57
controindicazioni,57
effetti,56
ospedale,55
serve,55
atmosfera,54
troposferico,54
of,53
gel,52
olive,52
natural,51
funziona,50
facial,49
quimica,49
lavatrice,49
therapy,47
agua,47
l'ozono,47
costo,47
generatore,46
dove,46
hong,45
prezzo,45
benefici,45
kong,45
to,44
capelli,44
price,44
zapatos,44
costi,43
hydra,43
amazon,43
quanto,42
hawaiian,42
ginocchio,42
torino,41
tropic,41
medico,41
zero,41
brescia,40
piscina,40
viso,40
centri,39
disco,39
cos'è,39
casa,39
over,39
kites,38
è,38
sirve,37
x,37
o3,36
bicicleta,36
bilbao,36
review,36
recensioni,36
mutuabile,36
collaterali,35
ltd,35
ozogin,35
vaporizador,35
il,35
macchina,34
serra,34
2023,34
effetto,34
edge,34
overseas,33
aria,33
olio,33
pvt,32
significato,32
da,32
o,32
precio,32
izone,32
bologna,31
beneficios,31
all'ozono,31
convenzionati,31
v2,31
artrosi,30
mosche,30
significado,30
jobs,30
azoto,30
iniezioni,30
by,29
2,29
meaning,29
spa,29
zeno,29
sanificazione,29
un,29
vs,29
lewis,29
kuwait,28
definition,28
al,28
jeans,28
zanzare,27
on,27
sale,27
wiki,27
hindi,27
wastewater,27
inglese,27
pdf,27
prezzi,26
discale,26
contro,26
zaragoza,26
guidata,26
australia,26
male,26
uso,26
machine,25
muffa,25
which,25
ozonosfera,25
zapatillas,25
systems,25
reviews,25
opinioni,24
park,24
benefits,24
zephyr,24
smell,24
uccide,24
effects,24
health,24
dizionario,24
frigorifero,24
hai,23
atmosphere,23
produce,23
quante,23
definizione,23
antarctica,23
uv,22
home,22
alla,22
pool,22
new,22
nel,22
car,22
rettale,22
how,22
se,22
gases,22
me,21
via,21
sedute,21
le,21
jabon,21
tac,21
kpop,21
bergamo,21
ozonizzato,21
mal,21
generador,21
helmet,21
trova,21
strato,20
menu,20
chimica,20
tropics,20
che,20
kayak,20
dentist,20
capillari,20
3,20
forum,20
salute,19
qué,19
forma,19
dopo,19
trattamento,19
near,19
bueno,19
punture,19
medicina,18
asl,18
v3,18
inquinamento,18
hernia,18
video,18
intradiscale,18
jacuzzi,18
ambienti,18
beauty,18
kill,18
san,18
air,18
costa,17
vivo,17
estetica,17
hogar,17
ozone.bg,17
use,17
flebo,17
hotel,17
smoothing,17
oggi,17
keyboard,17
lombare,16
uk,16
it,16
manual,16
veterinaria,16
udine,16
portatil,16
zone,16
nell'aria,16
mujer,16
anca,16
dolore,15
arezzo,15
year,15
provincia,15
lupa,15
from,15
first,15
liquido,15
was,15
kangaroo,15
or,15
test,15
news,15
acari,15
island,15
insetti,15
una,15
&,15
nasa,15
skin,15
geometria,15
factory,15
growth,15
antimuffa,14
structure,14
ombu,14
radicali,14
liberi,14
vsepr,14
discovered,14
zapato,14
reddit,14
nella,14
blatte,14
gambe,14
closed,14
usos,14
-,14
i,14
reazione,14
zanichelli,14
steamer,13
hot,13
found,13
cani,13
napoli,13
belluno,13
zealand,13
smoke,13
does,13
nell'atmosfera,13
tarli,13
numero,13
rischi,13
minsan,13
at,13
opiniones,13
struttura,13
sera,13
formazione,13
diccionario,13
vaporizzatore,13
salud,12
denti,12
srl,12
location,12
khartoum,12
como,12
medicale,12
d'or,12
india,12
teeth,12
v1,12
feltre,12
su,12
aosta,12
tan,12
sistemica,12
por,12
natura,12
up,12
pelle,12
cause,12
ozonrelive,12
english,12
gorle,11
centro,11
capsule,11
cfc,11
clinic,11
español,11
bambini,11
harness,11
firenze,11
now,11
bari,11
ad,11
canada,11
shampoo,11
formule,11
limpieza,11
dolorosa,11
non,11
healing,11
convenzione,11
intraforaminale,11
lavanderia,11
wings,11
scarpe,11
d,11
respirare,11
youtube,11
cinema,11
greenhouse,11
pericoloso,11
zapateria,11
autoemotrasfusione,11
contact,11
odore,11
acne,11
purifier,11
niños,11
earth,11
watch,10
uses,10
wind,10
doping,10
proprietà,10
lombardia,10
borgomanero,10
range,10
danni,10
genova,10
discolisi,10
dentista,10
good,10
nz,10
solar,10
reaccion,10
loss,10
global,10
fare,10
definicion,10
size,10
cabello,10
mold,10
your,10
endovenosa,10
restaurant,10
dental,10
bere,10
odontoiatria,10
ki,10
importancia,10
jacket,10
usa,9
rental,9
jabón,9
repair,9
effect,9
parts,9
ka,9
offerte,9
oxigeno,9
stratosphere,9
us,9
what,9
where,9
capilar,9
agujero,9
open,9
efectos,9
monza,9
veneto,9
verona,9
traduzione,9
treviso,9
ecoguidata,9
oncologia,9
funzione,9
stratosfera,9
niosh,9
status,9
vena,9
sciatica,9
ossigeno-ozono,9
biella,9
tempo,9
busto,9
cane,9
arsizio,9
stratosferico,9
discal,9
dentale,9
idromassaggio,9
bladder,8
varese,8
cleanser,8
face,8
side,8
dell,8
made,8
consiste,8
urologia,8
formation,8
10,8
online,8
spalla,8
safe,8
senza,8
bugs,8
palermo,8
bellaria,8
dott,8
damage,8
creme,8
quimicos,8
map,8
bowling,8
palabra,8
rectal,8
quimico,8
farmacia,8
funcion,8
piante,8
sustancia,8
figurella,8
atmosferico,8
cara,8
acquario,8
hk,8
(o3),8
cream,8
msds,8
food,8
sky,8
l'ozonoterapia,8
tratamiento,8
code,8
sanificare,8
convenzionata,8
paravertebrale,8
zona,8
seduta,8
mi,8
day,8
toscana,8
dentistry,8
used,8
hydraulic,8
w,8
time,8
gaet,8
filter,8
urine,8
na,8
bangalore,8
jed,8
upsc,8
foil,7
fotochimico,7
destruction,7
plants,7
no,7
enduro,7
atomico,7
q,7
v4,7
contraindicaciones,7
dolori,7
causes,7
with,7
closing,7
bicicletta,7
answers,7
lounge,7
years,7
bene,7
nocivo,7
importante,7
emilia,7
scuola,7
bike,7
korean,7
protector,7
salon,7
protect,7
rischio,7
breve,7
italiano,7
plus,7
tubs,7
work,7
biologia,7
mexico,7
simbolo,7
kit,7
lo,7
iwell,7
ai,7
sofia,7
simple,7
humanitas,7
cold,7
vicenza,7
laundry,7
industrial,7
troposfera,7
reggio,7
estratosferico,7
co,7
kya,7
piel,7
after,7
legame,7
recovery,7
above,7
nelle,7
tumori,7
ortopedico,7
ortopedia,7
gli,7
agricoltura,7
products,7
mist,7
located,7
mask,7
prodotti,7
has,7
aire,7
bad,7
walmart,7
hombre,7
espulsa,7
present,7
gravidanza,7
bed,7
malo,7
mesoterapia,7
detected,7
risonanza,7
humans,7
office,6
marino,6
ritz,6
eliminare,6
columna,6
4,6
aceite,6
molecolare,6
profile,6
herpes,6
ingles,6
pulizia,6
tossico,6
l,6
delhi,6
j,6
piscinas,6
company,6
encuentra,6
jardin,6
fungus,6
gums,6
photos,6
medical,6
dativo,6
gae,6
purificatore,6
l'ossigeno,6
oils,6
molecola,6
qualità,6
tub,6
aurora,6
usato,6
king,6
ovuli,6
miglior,6
body,6
bogota,6
sunflower,6
contaminante,6
maquina,6
alle,6
buy,6
you,6
pain,6
getting,6
before,6
science,6
advantages,6
cura,6
trento,6
number,6
buono,6
questions,6
quotes,6
salerno,6
radio,6
climate,6
sterilization,6
light,6
propiedades,6
warming,6
remove,6
rays,6
potential,6
marche,6
color,6
catania,6
cagliari,6
farla,6
exposure,6
messina,6
quando,6
odor,6
wash,6
hemp,6
plaza,6
elite,6
química,6
venta,6
compra,6
raggi,6
vitamine,6
denim,6
blood,6
unicentro,6
infiltrazione,6
veterinary,6
swimming,6
conditioner,6
molecule,6
elemento,6
troposférico,6
vertebrale,6
house,6
school,5
medici,5
primaria,5
master,5
quiz,5
humano,5
plugin,5
ejemplos,5
madrid,5
tiene,5
concepto,5
world,5
members,5
formacion,5
indicaciones,5
purification,5
paramotor,5
leash,5
ssn,5
sanificatore,5
ppt,5
sus,5
usado,5
drinking,5
efecto,5
tipo,5
pump,5
inc,5
invernadero,5
profesional,5
diferencia,5
ii,5
heridas,5
medica,5
compuesto,5
insufflazione,5
koi,5
refers,5
short,5
download,5
molecular,5
inquinante,5
arctic,5
chemical,5
uomo,5
mercado,5
libre,5
occhi,5
update,5
shop,5
solutions,5
peru,5
dogs,5
smog,5
name,5
room,5
pai,5
kingscote,5
9,5
pollution,5
means,5
mein,5
kis,5
jaati,5
images,5
disadvantages,5
tank,5
biology,5
change,5
depleting,5
colour,5
harmful,5
bottle,5
ambiente,5
gold,5
dentifricio,5
officina,5
carlton,5
lipogel,5
address,5
south,5
mosquito,5
italy,5
drink,5
volanti,5
kolkata,5
trovaprezzi,5
nocivos,5
naturale,5
unit,5
lavaggio,5
care,5
toenail,5
cafe,5
manufacturers,5
trainer,5
germany,5
vocabolario,5
dog,5
17m,5
outlet,5
oz,5
tv,5
gl-3189a,5
grow,5
fotos,5
sphere,5
5,5
bloqueador,5
depot,5
estructura,5
plano,5
italia,5
race,5
do,5
detraibile,5
legno,5
rovina,5
pro,5
aghi,5
gengive,5
jarabe,5
novara,5
padova,5
mestre,5
sicilia,5
trieste,5
vasca,5
risultati,5
vital,5
foggia,5
vida,5
efficacia,5
antinfiammatorio,5
zala,5
bonetti,5
lucca,5
vrola,5
pulci,5
dell'aria,5
vene,5
odontologia,5
rimini,5
alimenti,5
spezia,5
scarafaggi,4
semop,4
cancer,4
acque,4
largest,4
disinfezione,4
logo,4
químicos,4
gurgaon,4
transplant,4
pristina,4
epicondilite,4
cortisone,4
rizzoli,4
debugger,4
generatori,4
donde,4
comb,4
zeolite,4
spagnolo,4
professionale,4
its,4
bolzano,4
legami,4
nagar,4
entre,4
dott.maurizio,4
caused,4
eclipse,4
26,4
today,4
te,4
203,4
fai,4
dermoclin,4
formiche,4
superficial,4
resumen,4
migliore,4
hueco,4
anti,4
misuratore,4
duo,4
xiaomi,4
corto,4
defense,4
jamundi,4
reseña,4
prodotto,4
50,4
chart,4
parola,4
clean,4
fitness,4
filtro,4
emorroidi,4
chennai,4
periodica,4
shrinking,4
chimico,4
purificare,4
current,4
saved,4
agrigento,4
segger,4
height,4
semplice,4
quinto,4
iron,4
blocks,4
radiation,4
orologio,4
kitesurf,4
spare,4
destroyed,4
zara,4
izotope,4
fly,4
prices,4
protection,4
strike,4
grande,4
ear,4
occasion,4
v11,4
replacement,4
gebraucht,4
ernie,4
v5,4
control,4
macchinario,4
nails,4
rawalpindi,4
sulla,4
foto,4
ha,4
rescue,4
function,4
rooftop,4
valori,4
observed,4
plant,4
sentence,4
occurs,4
mall,4
artrosis,4
notes,4
report,4
piscine,4
mcq,4
planet,4
ahmedabad,4
we,4
geographic,4
ancona,4
seen,4
alessandria,4
conseguenze,4
equipos,4
colonna,4
ossidante,4
sistema,4
sustancias,4
notizie,4
son,4
molecula,4
oliva,4
teramo,4
lego,4
limite,4
venezia,4
ossidazione,4
immagini,4
iphone,4
giardino,4
juan,4
ricerca,4
brunch,4
energy,4
plunge,4
modena,4
reaction,4
sassari,4
mandal,4
trujillo,4
nervo,4
hota,4
sciatico,4
paraglider,4
pericolosa,4
measurement,4
ebay,4
temperatura,4
portátil,4
cimici,4
letto,4
utilizzo,4
ospedali,4
hunting,4
deriva,4
facts,4
cigarette,4
cost,4
chemistry,4
lecce,4
line,4
can,4
that,4
spiegato,4
geografia,4
barriera,4
sono,4
urdu,4
gym,4
eur,4
careers,4
generation,4
differenza,4
colombia,4
lampada,4
process,4
fisioterapia,4
ozonation,4
compound,4
risks,4
black,4
marathi,4
tenis,4
composizione,4
quartz,4
disinfection,4
cuerpo,4
km,4
pakistan,4
delivery,4
requirements,4
medio,4
pisa,4
speed,4
parma,4
between,4
friuli,4
dura,4
pavia,4
sangre,4
calabria,4
chlorine,4
guadalajara,4
coche,4
atmósfera,4
are,4
potabile,4
paravertebrali,3
jeansy,3
ps4,3
words,3
piemonte,3
14,3
ozonee,3
chimique,3
wound,3
2020,3
vertebre,3
sciatalgia,3
dress,3
flex,3
estratosférico,3
instrucciones,3
quizlet,3
national,3
phenomenon,3
board,3
picture,3
indicazioni,3
agency,3
rodilla,3
temperature,3
poster,3
flux,3
concentration,3
element,3
servono,3
yeast,3
note,3
then,3
sources,3
protein,3
ultraviolet,3
view,3
campania,3
taranto,3
dallas,3
application,3
reo,3
shirt,3
17,3
frigo,3
cells,3
injection,3
reservation,3
highest,3
horario,3
legacy,3
macchinari,3
skybar,3
beneficial,3
offerta,3
unieuro,3
olbia,3
dangerous,3
list,3
ragni,3
dry,3
formed,3
pondicherry,3
kaos,3
thickness,3
policlinico,3
co2,3
liquid,3
replenishing,3
orari,3
nail,3
testimonianze,3
savona,3
sa,3
nord,3
cali,3
kidney,3
foods,3
j-link,3
kaise,3
velenoso,3
aplicaciones,3
lady,3
rovigo,3
nei,3
class,3
latest,3
umbria,3
area,3
not,3
olor,3
relaxer,3
longevity,3
hospital,3
perros,3
equipment,3
lab,3
patch,3
foglietto,3
mice,3
pond,3
illustrativo,3
named,3
catalyst,3
zen,3
fascite,3
yamamoto,3
works,3
suero,3
cena,3
pack,3
mercadona,3
ozo,3
grosseto,3
siena,3
antarctic,3
power,3
working,3
removal,3
mumbai,3
companies,3
groupe,3
linkedin,3
jest,3
pomada,3
rid,3
get,3
jazz,3
dubai,3
africa,3
dizione,3
issues,3
epa,3
own,3
generatorius,3
cleaner,3
shoes,3
london,3
safety,3
ginecologia,3
spiegazione,3
qt,3
greco,3
griego,3
whole,3
oxygen,3
gallarate,3
graph,3
gi,3
diagram,3
valor,3
ruta,3
chile,3
verruche,3
iniezione,3
benevento,3
oral,3
nasale,3
infused,3
500,3
aro,3
m918,3
asti,3
surf,3
quartieri,3
easy,3
dell'ossigeno,3
carboxiterapia,3
embarazo,3
reseñas,3
ozobox,3
latina,3
job,3
jss3,3
tooth,3
kahate,3
hain,3
model,3
ginocchia,3
pidocchi,3
zanardi,3
electronics,3
real,3
caduta,3
big,3
hyperlink,3
ferrara,3
photo,3
pole,3
internet,3
sostanza,3
ozon,3
sostanze,3
ozonoterapie,3
hairspray,3
kosovo,3
dangers,3
mites,3
domestico,3
sull'ambiente,3
trezzano,3
usi,3
rodada,3
helm,3
history,3
ultralite,3
prima,3
fibromialgia,3
ravenna,3
alto,3
5m,3
opinie,3
mojo,3
6,3
modo,3
media,3
interno,3
vegetable,3
repellent,3
toothpaste,3
sui,3
comprar,3
ozonizzata,3
riscaldamento,3
link,3
cosmetica,3
materiali,3
l'ozonosfera,3
unical,3
road,3
sardegna,3
waste,3
8,3
pools,3
camada,3
tienda,3
ground,3
cloro,3
ticket,3
detrazione,3
situazione,3
detailing,3
protrusione,3
mismo,3
ballast,3
activ,3
odori,3
santucci,3
tierra,3
dott.,3
jyellowl,3
wrinkles,3
as,3
biologica,3
corso,3
jomo,3
bubbler,3
elimina,3
mirata,3
ko,3
inodore,3
lumbar,3
limiti,3
neurochirurgo,3
lampara,3
vapore,3
cancerogeno,3
ozonio,3
cervicali,3
portatile,3
blanco,3
sorisa,3
segunda,3
paragliders,3
mano,3
concentrazione,3
mani,3
romania,3
signature,3
naturae,3
giovanni,3
anticellulite,3
eczema,3
coconut,3
altroconsumo,3
cumple,3
capsules,3
allergie,3
alimentare,3
nell,3
dimagrire,3
romagna,3
calzados,3
bomboletta,3
generators,3
elementos,3
percentuale,3
mejor,3
reumatologia,3
sull'uomo,3
delta,3
osteopata,3
importance,3
ropa,3
clinica,3
qc,3
1,3
off,3
service,3
cleaning,3
pulire,3
mini,3
certification,3
repellente,3
killer,3
purificador,3
tabla,3
two,3
tactical,3
midi,3
barcelona,3
allergia,3
barranquilla,3
acuario,3
arco,3
negro,3
endovena,3
telefono,3
buzz,3
kaufen,3
estratosfera,3
snow,3
autoemoinfusione,3
dannoso,3
destruccion,3
equation,3
composicion,3
lufthous,3
booking,3
lines,3
cervical,3
lies,3
oberdan,3
negative,3
velenosa,2
turnover,2
zanzara,2
kraków,2
hem,2
rating,2
veterinario,2
klinika,2
details,2
chinese,2
jalisco,2
magnetica,2
projects,2
share,2
ulsoor,2
explained,2
environmental,2
compuestos,2
góra,2
productos,2
natinuel,2
apartment,2
credit,2
point,2
edmonton,2
grupo,2
epc,2
c,2
jak,2
ice,2
bath,2
llc,2
barberia,2
symptoms,2
intravenosa,2
filtration,2
istruzioni,2
qatar,2
ozonia,2
cons,2
hose,2
eliminator,2
pros,2
ionizer,2
weed,2
voc,2
principle,2
well,2
oxidation,2
ozonomatic,2
owner,2
tube,2
juarez,2
research,2
my,2
run,2
dosing,2
calculator,2
reef,2
smells,2
like,2
je,2
nitrogen,2
sanitation,2
instructions,2
advisory,2
japan,2
xc-k,2
sotto,2
roaches,2
corporate,2
ceo,2
termites,2
(official),2
extraction,2
esami,2
laboratory,2
origen,2
tech,2
viene,2
mantova,2
lowes,2
doccia,2
esegue,2
disinfectant,2
leather,2
lamp,2
maintenance,2
tesla,2
woz,2
groups,2
box,2
mayor,2
hazards,2
puntera,2
pagina,2
holes,2
life,2
sun,2
absorbing,2
heat,2
fábrica,2
gasoline,2
niguarda,2
línea,2
trekking,2
negras,2
earth's,2
direccion,2
rang,2
skate,2
migliori,2
livello,2
dosage,2
methods,2
limits,2
triple,2
cervicobrachialgia,2
rush,2
khoj,2
borsite,2
catalogo,2
nuoro,2
dama,2
blancos,2
kisne,2
oristano,2
ml,2
cartridge,2
donato,2
artrite,2
stenosi,2
perugia,2
volte,2
settimana,2
tamil,2
otorino,2
v7,2
an,2
osteopati,2
enfermedades,2
marthandam,2
oculistica,2
borgo,2
back,2
verified,2
orbassano,2
cooker,2
ostia,2
ms,2
mare,2
characteristics,2
composition,2
prix,2
cylinder,2
banti,2
ogni,2
clorofluorocarburi,2
fatebenefratelli,2
pescara,2
eco,2
r410a,2
mixture,2
calculation,2
barato,2
oroya,2
silver,2
fox,2
attivo,2
seres,2
vivos,2
gum,2
intimo,2
zuccari,2
livorno,2
dischem,2
gela,2
no2,2
molecolari,2
orbitali,2
aloe,2
cartilagine,2
parapente,2
cat,2
official,2
dust,2
diy,2
frio,2
calor,2
tecnica,2
tire,2
pedestal,2
canadian,2
medellin,2
usar,2
boat,2
bio,2
bathtub,2
band,2
upper,2
peroxide,2
swift,2
responsible,2
canal,2
terme,2
poisoning,2
human,2
website,2
imager,2
municipal,2
monitor,2
torque,2
engineering,2
liguria,2
hydrogen,2
level,2
lombosciatalgia,2
lodi,2
small,2
l'aquila,2
rusty,2
legnano,2
washed,2
alpina,2
connect,2
cattivo,2
foiling,2
suolo,2
be,2
6m,2
weight,2
hornet,2
sds,2
fall,2
zauba,2
v10,2
aquarium,2
movie,2
camerano,2
vet,2
zalando,2
uniqlo,2
jean,2
adelgazar,2
donna,2
kenzo,2
flare,2
saronno,2
outfit,2
allontana,2
block,2
abbigliamento,2
muoiono,2
abruzzo,2
esterno,2
lima,2
rieti,2
protects,2
trio,2
cosmetics,2
pants,2
anguillara,2
indoor,2
skydiving,2
center,2
sol,2
simples,2
dot,2
shape,2
disinfettante,2
maroc,2
incompatibili,2
produrre,2
hanno,2
estado,2
reading,2
cosmetic,2
progress,2
product,2
manufacturing,2
vortex,2
each,2
naturals,2
develops,2
composición,2
perchè,2
sole,2
ncert,2
polar,2
right,2
slideshare,2
possono,2
equipo,2
dolorose,2
dice,2
rettali,2
insufflazioni,2
vivono,2
following,2
vedantu,2
solution,2
field,2
magnetic,2
value,2
médico,2
materia,2
through,2
leotards,2
r1,2
strafe,2
lebensmitteln,2
nature,2
market,2
medicine,2
latin,2
liver,2
ionic,2
driver,2
videos,2
gaming,2
joint,2
japanese,2
german,2
flat,2
diet,2
sudan,2
other,2
battle,2
valve,2
massa,2
france,2
method,2
pressure,2
ematica,2
zoology,2
infinity,2
alpha,2
warts,2
team,2
apparecchi,2
incendio,2
thailand,2
pregnancy,2
der,2
feathers,2
project,2
explore,2
kinzo,2
cap,2
falls,2
sanblas,2
lyrics,2
mp3,2
naturally,2
cooler,2
t,2
measured,2
tagalog,2
enzo,2
requires,2
bracciano,2
distance,2
cooling,2
elements,2
tonic,2
m-audio,2
sally's,2
balm,2
keratik,2
cell,2
cyst,2
styling,2
being,2
standards,2
inci,2
merate,2
itself,2
masque,2
brainpop,2
north,2
termoli,2
hardware,2
live,2
240ml,2
tauro,2
atmosférico,2
protectora,2
acondicionado,2
brainly,2
baño,2
contaminacion,2
medicinal,2
infiammabile,2
funciona,2
fisica,2
pylori,2
hydrant,2
geruza,2
aplicacion,2
tropical,2
gioia,2
theme,2
lavatrici,2
smaller,2
image,2
domestici,2
ozônio,2
frosinone,2
può,2
fps,2
davvero,2
forli,2
cervicalgia,2
analisi,2
jairis,2
agricola,2
inyectado,2
bag,2
resort,2
will,2
ecuacion,2
operation,2
103,2
ozonizador,2
intestinale,2
hvac,2
dead,2
portable,2
directions,2
deodorizer,2
segun,2
long,2
pets,2
rae,2
purpose,2
caracteristicas,2
club,2
sustantivo,2
pais,2
age,2
z,2
enlace,2
total,2
young,2
componentes,2
organica,2
tal,2
google,2
calentamiento,2
l5-s1,2
quietest,2
quantum,2
ltd.,2
vihar,2
udyog,2
explanation,2
trasfusionale,2
fixed,2
03,2
essay,2
o3zone,2
environment,2
example,2
gone,2
riducente,2
oleo,2
def,2
geo,2
created,2
pulling,2
sioot,2
growing,2
avocado,2
zapatilla,2
associazione,2
kise,2
description,2
brindisi,2
journal,2
brianza,2
giulia,2
ragusa,2
intestino,2
medicinale,2
better,2
gif,2
www,2
puglia,2
bbc,2
consequences,2
state,2
pur03,2
infection,2
paragliding,2
laser,2
suppositories,2
avis,2
making,2
warm,2
ample,2
fano,2
wounds,2
ingrassare,2
bali,2
levels,2
fee,2
shield,2
nutshell,2
scars,2
grey,2
burns,2
los,2
results,2
regrow,2
bhringraj,2
prevent,2
regrowth,2
eyes,2
sores,2
studio,2
essential,2
condition,2
huge,2
endocapillarica,2
ozzano,2
lavadora,2
rovereto,2
focus,2
desinfectante,2
rostro,2
varicose,2
sur,2
zenzero,2
philippines,2
inyeccion,2
chiuso,2
yumbo,2
diferencias,2
inguinale,2
tropici,2
acido,2
globale,2
reacciones,2
filters,2
zilina,2
climatico,2
kopen,2
elementare,2
cdmx,2
sud,2
vescicale,2
sacco,2
meccanismo,2
raffaele,2
nazionale,2
intervertebrale,2
sanitario,2
servizio,2
wrocław,2
quendoz,2
spares,2
dr.,2
pietro,2
alimentos,2
bosco,2
bebes,2
vestiti,2
prati,2
industria,2
villa,2
portugues,2
11,2
vercelli,2
elettroniche,2
jaen,2
muscolari,2
sport,2
wada,2
tempi,2
depuratori,2
polo,2
pericoli,2
piogge,2
pub,2
indesiderati,2
directo,2
rosacea,2
acide,2
ossigenoterapia,2
worth,2
isotopo,2
tra,2
apparecchiature,2
nuovo,2
terapeutico,2
vicino,2
facile,2
village,2
freon,2
quimicas,2
instagram,2
hours,2
guarigione,2
verbania,2
viterbo,2
ultravioletti,2
d-tan,2
valencia,2
scienze,2
mucche,2
houston,2
vehiculos,2
vita,2
nome,2
discolisis,2
meter,2
differenze,2
hinges,2
cancerogena,2
pareri,2
hiperbarica,2
ricci,2
shopping,2
ver,2
ozonolisi,2
composto,2
noche,2
gaztelugatxe,2
yacht,2
causa,2
delle,2
hernias,2
xalapa,2
corpo,2
ozoceutica,2
celulas,2
acné,2
m18,2
bicicletas,2
volcano,2
reflue,2
ozonizada,2
impianto,2
bici,2
guayaquil,2
argentina,2
ligure,2
desinfeccion,2
riego,2
depurazione,2
east,2
precios,2
woow,2
plasma,2
camara,2
domestica,2
dual,2
cancerogene,2
tornado,2
madre,2
glitter,2
hazon,2
oh,2
varices,2
playstation,2
ps5,2
karrinyup,2
games,2
switch,2
nintendo,2
minecraft,2
agricultura,2
cennik,2
0,2
marvel,2
perth,2
ny,2
star,2
larc,2
detector,2
toronto,2
strain,2
treccani,2
promo,2
più,2
ps,2
sanitizer,2
disinfestazione,2
bagno,2
autozone,2
presenza,2
razer,2
sobre,2
aumento,2
drinks,2
endovenoso,2
consecuencias,2
controller,2
riassunto,2
della,2
compuesta,2
condizionata,2
cantidad,2
geography,2
facebook,2
rubinetto,2
lecco,2
koh,2
beach,2
accra,2
pelo,2
trentino,2
piano,2
lesivi,2
bulgaria,2
dell'ozonoterapia,2
cabina,2
lanta,2
chicken,2
tx,2
tragedy,2
contratture,2
terni,2
pastry,2
morenada,2
k,2
grill,2
infestazione,2
vietnam,2
radiazioni,2
ozone-friendly,2
iowa,2
recto,2
burger,2
du,2
satellite,2
garda,2
fórmula,2
trapani,2
especialidades,2
md,2
symbol,2
unisalute,2
formal,2
salt,2
curare,2
cosenza,2
sensor,2
normativa,2
dorsale,2
charge,2
molecules,2
l5,2
troposphérique,2
brute,2
aroma,1
s1,1
ingestion,1
horse,1
omah,1
internal,1
periodontics,1
proven,1
neoskin,1
been,1
biodata,1
already,1
phytorelax,1
ingredients,1
hemorrhoids,1
kirti,1
universal,1
no-yellow,1
covid,1
damaged,1
weave,1
leader,1
refinery,1
stores,1
upgrade,1
thc,1
pine,1
pubmed,1
pen,1
receding,1
salve,1
ringworm,1
discali,1
ogx,1
mct,1
relief,1
scent,1
repairing,1
flush,1
loved,1
supreme,1
ozokerite,1
active,1
linseed,1
kumkumadi,1
kwik,1
alopecia,1
soma,1
orientali,1
phytokeratine,1
jojoba,1
nabla,1
sales,1
insufflation,1
snellente,1
massage,1
absorb,1
pesante,1
kracto,1
activozone,1
poliambulanza,1
static,1
drops,1
cutaneous,1
amazon.ca,1
medidor,1
bacteria,1
athlete's,1
broken,1
blattoxur,1
foot,1
breaking,1
arthritis,1
l5s1,1
acidic,1
benefícios,1
1200,1
cavities,1
background,1
convention,1
lovely,1
max,1
nazione,1
consists,1
puntata,1
estate,1
2021,1
unicamillus,1
ossigenazione,1
pills,1
viticoltura,1
byju's,1
nuotano,1
troppo,1
whiten,1
diffuser,1
earths,1
presente,1
enema,1
peças,1
l'aria,1
breathing,1
decadimento,1
infections,1
leggero,1
altitude,1
depleted,1
absorbs,1
decay,1
fognatura,1
rash,1
diaper,1
fuochiste,1
cbd,1
castor,1
chlorhexidine,1
candida,1
sore,1
canker,1
wavelength,1
quantità,1
oil.com,1
c'è,1
sensore,1
ozonizzare,1
riduce,1
apparecchio,1
autos,1
mechanical,1
skuola.net,1
arteixo,1
ionosfera,1
combustible,1
autoemo,1
barba,1
autoemoterapia,1
zaino,1
deterioro,1
corta,1
autotrasfusione,1
automobile,1
acarigua,1
insetticida,1
blatta,1
funzionato,1
hyderabad,1
behandeling,1
j&d,1
usati,1
ozonbehandlung,1
agotamiento,1
nivel,1
suelo,1
blatte.volanti,1
negativi,1
alerta,1
lm7,1
volano,1
peoria,1
alta,1
concentración,1
acariens,1
altezza,1
acaricida,1
phone,1
umana,1
l4,1
mas,1
pesado,1
meteorologia,1
¿por,1
ciencias,1
formación,1
naturales,1
explicacion,1
necesario,1
nuestra,1
yakuza,1
apparato,1
investigar,1
porque,1
oxigenada,1
infiltraciones,1
infiltracion,1
software,1
salada,1
base,1
blade,1
massima,1
hacer,1
general,1
clase,1
l'ozonizzatore,1
alliance,1
fundamental,1
funciones,1
barre,1
bars,1
cubo,1
perdita,1
industriali,1
fisiche,1
proprieta,1
jpop,1
bombolette,1
diffusore,1
ricrescita,1
cubierta,1
greeting,1
quarto,1
posadas,1
saludable,1
desmontable,1
pompa,1
autohemotherapy,1
dispositivo,1
panni,1
lavare,1
clipart,1
salary,1
revenue,1
kochi,1
kprofiles,1
glassdoor,1
forza,1
professional,1
pvt.,1
amb,1
kala,1
pradesh,1
himachal,1
aranjuez,1
minju,1
metro,1
draw,1
essere,1
pericolo,1
mastering,1
battery,1
caldo,1
caratteristiche,1
qualita,1
kpopszop,1
entrare,1
kpopowo,1
ozonioterapia,1
arieggiare,1
kpopping,1
trasforma,1
daniele,1
fandom,1
muscoli,1
interni,1
disband,1
autoimmuni,1
malattie,1
alicante,1
ecole,1
songs,1
pronunciation,1
sistemas,1
wonyoung,1
alberca,1
desinfección,1
depuradora,1
salina,1
ozono.it,1
boero,1
ossigeno-ozonoterapia,1
mappa,1
dell',1
meditel,1
teleangectasie,1
vasto,1
geopop,1
nell'acqua,1
celebrated,1
preservation,1
buio,1
indiscriminate,1
occhio,1
junior,1
atmospheric,1
d'oro,1
exist,1
inferiore,1
nocera,1
luino,1
médicale,1
buenos,1
aires,1
re,1
quizizz,1
rho,1
traitement,1
vimercate,1
intramuscolare,1
schema,1
trattamenti,1
surface,1
entering,1
bresso,1
prevents,1
perjuicios,1
europa,1
evoluzione,1
telugu,1
anni,1
santagostino,1
artico,1
consultorio,1
pablo,1
mompo,1
estetico,1
zampe,1
antartide,1
plan,1
medicitalia,1
lesson,1
grado,1
looks,1
clinico,1
zeze,1
riducendo,1
america,1
allontanare,1
sta,1
dimensione,1
bagni,1
examples,1
quanti,1
clima,1
zombie,1
pericolose,1
montichiari,1
sessuali,1
uccidere,1
ultrasuoni,1
rimedi,1
olivos,1
ozonosan,1
revista,1
j-medical,1
diving,1
ridotto,1
richiuso,1
warning,1
theatre,1
chiude,1
slim,1
leonardo,1
produttore,1
vox,1
vocabulary,1
fiscale,1
origini,1
visible,1
resonance,1
login,1
theater,1
app,1
pharmacy,1
times,1
wallpaper,1
did,1
know,1
znaczy,1
cinemas,1
occorrono,1
showtimes,1
showing,1
khaitan,1
ristretto,1
worksheet,1
approval,1
width,1
useful,1
notação,1
states,1
pomata,1
situated,1
synonym,1
regeneration,1
usata,1
macchine,1
restored,1
role,1
nuova,1
metano,1
cr,1
restricts,1
mediclinic,1
quotations,1
faenza,1
significance,1
spore,1
estrutura,1
bassi,1
john,1
zelanda,1
united,1
thinnest,1
doppi,1
litro,1
monossido,1
muri,1
carbonio,1
lavanderias,1
lavandería,1
teoria,1
peso,1
biatomica,1
length,1
trabajo,1
dottore,1
scatto,1
tossici,1
stanchezza,1
cronica,1
disc,1
tendinite,1
one,1
emicrania,1
cruralgia,1
pungente,1
forms,1
fumo,1
pioggia,1
founder,1
temporale,1
emanare,1
soluzione,1
interstiziale,1
cistite,1
guida,1
gap,1
tigotà,1
federazione,1
graphic,1
italiana,1
linee,1
thinner,1
personal,1
antitarlo,1
tessuti,1
imola,1
svizzera,1
armadi,1
iatale,1
piove,1
pudo,1
surgir,1
z5,1
explain,1
(s8),1
(o2),1
dos,1
gaseosas,1
york,1
antibatterico,1
producción,1
socks,1
exists,1
ativo,1
vegetal,1
albertini,1
cremona,1
azufre,1
orbital,1
legge,1
triatómica,1
antes,1
corresponde,1
llamada,1
herbol,1
o2,1
considerado,1
o3(g),1
inorganic,1
vulcano,1
kids,1
produced,1
drawing,1
muffe,1
organic,1
suplemento,1
dito,1
scheda,1
far,1
muscolare,1
jata,1
infiammazione,1
عمّان,1
الصور,1
artificial,1
occur,1
anywhere,1
apes,1
emissions,1
ivory,1
paya,1
kure,1
produto,1
remedy,1
amman,1
nola,1
parat,1
faridabad,1
sicurezza,1
femminile,1
stra,1
purificadores,1
hoti,1
oxy,1
composti,1
articolazioni,1
motai,1
anthropogenic,1
source,1
resources,1
breakdown,1
ozone.co.nz,1
gatto,1
verdi,1
kahan,1
cov,1
elettroni,1
old,1
atomo,1
neutroni,1
ammoniaca,1
benzene,1
sampling,1
atopica,1
dermatite,1
bassano,1
grappa,1
healed,1
barco,1
alimenticio,1
k-noiz,1
solari,1
natur-world,1
dell'atmosfera,1
natur-ox,1
antalgica,1
aumenta,1
jati,1
june,1
quale,1
bruciore,1
sintomi,1
antiaging,1
fatturato,1
plaguicida,1
s.r.l,1
c5-c6,1
volla,1
contatti,1
humana,1
purificar,1
bombola,1
zanzarzero,1
kasanova,1
odiano,1
luce,1
notturne,1
orto,1
soffrono,1
verde,1
zanzariera,1
z40,1
soluzioni,1
jakie,1
dorados,1
botas,1
www.ozono.com,1
utilità,1
flats,1
geranio,1
blu,1
optimization,1
viper,1
technology,1
drinking-water,1
disinfettare,1
wedeco,1
c6-c7,1
l'ernia,1
onyx,1
boox,1
recensione,1
free,1
palestra,1
comunicazione,1
exciter,1
ponzano,1
sul,1
naviglio,1
wuerth,1
linea,1
znaczenie,1
lanús,1
topi,1
local,1
rosario,1
rosa,1
veja,1
zapaterias,1
oficial,1
gamuza,1
aero,1
zala.comdo,1
zala.do,1
gioielli,1
zalazone,1
lancet,1
oysho,1
zanolla,1
turriaco,1
ungheria,1
doradas,1
krótka,1
buenas,1
powstaje,1
calzado,1
monterrey,1
morelia,1
oaxaca,1
sin,1
pellicanò,1
marron,1
rojos,1
blancas,1
sandalias,1
sucursales,1
valentin,1
alsina,1
ozonoshop,1
lona,1
joyeria,1
residential,1
design,1
aragon,1
makoto,1
tandem,1
training,1
hermanos,1
handling,1
erpetica,1
post,1
4m,1
nevralgia,1
3m,1
zymejimas,1
herrera,1
hoja,1
seguridad,1
ultravioleta,1
radiacion,1
sewage,1
reactor,1
paradise,1
ppg,1
mixer,1
wrist,1
washing,1
machines,1
hand,1
tuscolana,1
gran,1
wingspan,1
wingsurf,1
wingstop,1
reflex,1
canaria,1
beginner,1
hb,1
hemoterapia,1
helicobacter,1
waist,1
quick,1
release,1
acaros,1
textile,1
tertiary,1
maps,1
cle,1
elum,1
wa,1
wiwi,1
dose,1
destructor,1
spas,1
fish,1
farming,1
phoenix,1
az,1
seminar,1
vescica,1
mechanism,1
wines,1
twts-101,1
microbubble,1
heterogenea,1
wordreference,1
contactor,1
agriculture,1
gov,1
hialurónico,1
z6,1
ácido,1
magnum,1
m7,1
alquinos,1
hiperbarico,1
tower,1
aquaculture,1
homogenea,1
book,1
extreme,1
benefit,1
borehole,1
bottled,1
imperial,1
delicias,1
potabilizzazione,1
ascoli,1
lda,1
caviglia,1
tramite,1
bollate,1
avezzano,1
aversa,1
beauregard,1
centralino,1
estabilizado,1
ivrea,1
libera,1
professione,1
neurologia,1
aprilia,1
maurizio,1
bernardino,1
telesio,1
piceno,1
hastafisio,1
artemisia,1
oncologi,1
dottori,1
kaina,1
empoli,1
psoriasica,1
kauke,1
scandicci,1
sapra,1
intramoenia,1
plaukams,1
versilia,1
collo,1
menisco,1
sciacca,1
agropoli,1
caltanissetta,1
bagheria,1
omeopata,1
matteo,1
cristoforo,1
spedali,1
civili,1
dermatologia,1
otorinolaringoiatria,1
voghera,1
viale,1
zoppis,1
bettona,1
molfetta,1
battipaglia,1
c5,1
c6,1
cervicales,1
agisce,1
fatta,1
pratica,1
svolge,1
sclerosi,1
multipla,1
bordighera,1
lorenzo,1
valsugana,1
mesosfera,1
bariloche,1
anthea,1
adige,1
merano,1
bistagno,1
fisiatria,1
thiene,1
onoranze,1
increibles,1
funebri,1
necrologi,1
primario,1
staff,1
segreteria,1
dintorni,1
arona,1
é,1
arese,1
noticias,1
advanced,1
15,1
patinetas,1
allocated,1
blocks.,1
requested,1
kvapas,1
certified,1
refrigerants,1
refrigerant,1
royal,1
diapers,1
kapsules,1
ul,1
2998,1
emission,1
kiki's,1
(,1
baby,1
zero.3,1
arenzano,1
siv,1
spain,1
weather,1
goya,1
rosas,1
yeezy,1
zyon,1
feroz,1
dielectrico,1
omb,1
reso,1
coppel,1
veloz,1
relive,1
rei,1
charakterystyka,1
preis,1
kiwi,1
ppb),1
intertek,1
sustainability,1
program,1
donazione,1
prato,1
caserta,1
riesgos,1
estéticos,1
torrette,1
fabriano,1
recanati,1
coxartrosi,1
all'anca,1
keiichi,1
borgosesia,1
casale,1
monferrato,1
acqui,1
novi,1
tortona,1
prelievo,1
domicilio,1
wayland,1
contra,1
sub,1
boys',1
20,1
bmx,1
producciones,1
v6,1
cabrinha,1
2015,1
v12,1
2014,1
debug,1
evo,1
slingshot,1
turbine,1
v9,1
v8,1
zuloa,1
geruzaren,1
villains,1
alti,1
umano,1
quali,1
trovano,1
locativo,1
fattori,1
danneggia,1
circuiti,1
elettrici,1
biologico,1
biblico,1
contextual,1
cientifico,1
geografico,1
spanish,1
sinonimos,1
termale,1
ossigenata,1
radioguidata,1
dell'azoto,1
ser,1
vendita,1
guarire,1
devono,1
ciclo,1
mobili,1
fonti,1
ibrido,1
faschim,1
acquaviva,1
lissone,1
wb,1
rovinare,1
autolavaggio,1
puo,1
wohl-ziegler,1
container,1
med,1
punti,1
sprays,1
bomb,1
insecticida,1
depil,1
marziana,1
ponds,1
systemic,1
acr,1
ozone-based,1
chlorination,1
cip,1
security,1
chembur,1
lugar,1
porcentaje,1
drawer,1
discharge,1
decontamination,1
terra,1
exhaust,1
enrichment,1
kottayam,1
y2,1
yohji,1
hawaii,1
relacion,1
desinfectar,1
cars,1
furniture,1
gola,1
relación,1
antizanzare,1
sanitizing,1
uza,1
immunitario,1
comodoro,1
rivadavia,1
superior,1
sito,1
ufficiale,1
waterproof,1
avere,1
daño,1
umbrella,1
activado,1
quiere,1
decir,1
molécula,1
sociales,1
termino,1
ozonolisis,1
aerosoles,1
ejemplo,1
dell'acqua,1
humanos,1
huella,1
hoyo,1
intraarticular,1
planta,1
inyecta,1
medicamento,1
menciona,1
buscar,1
acento,1
personas,1
produccion,1
más,1
reducción,1
l'acqua,1
solubilità,1
industriale,1
define,1
guatemala,1
ituzaingo,1
biocida,1
parque,1
leloir,1
consumo,1
composição,1
desventajas,1
inorganica,1
propiedad,1
riesgo,1
happy,1
learning,1
oxigeno-ozonoterapia,1
mezcla,1
letra,1
descargar,1
(official,1
video)ozono,1
vevo,1
addolcitore,1
ozuna,1
testo,1
esta,1
pasando,1
adelgazamiento,1
función,1
afecta,1
genera,1
hace,1
efficace,1
las,1
ozonoil,1
reacción,1
quaternario,1
radiación,1
obtiene,1
odp,1
celulitis,1
caracas,1
papel,1
kiting,1
respuesta,1
territorio,1
blanca,1
nos,1
protege,1
trata,1
bottiglia,1
bahia,1
dulce,1
químicas,1
file,1
laundromat,1
immune,1
smart,1
magenta,1
besta,1
cabelo,1
cdi,1
galeazzi,1
rickiparodi,1
estética,1
peluqueria,1
vaporizer,1
auxologico,1
aromaterapia,1
azul,1
respirarlo,1
pandolfi,1
vaso,1
rm,1
lazio,1
clear,1
vitalaire,1
installation,1
nebulizzatore,1
h2so3,1
so3,1
xef4,1
siro,1
ferite,1
respirato,1
pacini,1
veteran,1
ozonovet,1
veterinarian,1
vitamin,1
vitamina,1
favara,1
vigevano,1
vibo,1
valentia,1
tavolo,1
fisiologicos,1
frío,1
ds,1
genzano,1
televisión,1
transmisión,1
escuchar,1
ovivo,1
kannada,1
est,1
francais,1
converter,1
malayalam,1
dragostea,1
injections,1
kitchen,1
monteverde,1
pharmaceuticals,1
pharma,1
production,1
romana,1
romano,1
marconi,1
sant'andrea,1
fungicida,1
ficha,1
colonia,1
jet,1
karcher,1
col,1
romani,1
castelli,1
onde,1
ventas,1
olx,1
quirumed,1
repuesto,1
don,1
apuzzo,1
vo-10,1
vertical,1
hno3,1
ph3,1
bf3,1
libro,1
belen,1
mauriziano,1
discopatia,1
durata,1
koelliker,1
730,1
ginecologica,1
guidonia,1
grasso,1
localizzato,1
huancayo,1
imperia,1
infusione,1
mulini,1
castelnuovo,1
lugano,1
locarno,1
x-system,1
ab,1
ots,1
distribucion,1
inventory,1
infosystems,1
injector,1
causas,1
order,1
contiene,1
vs.,1
pi,1
rivoli,1
purifying,1
emissioni,1
freshwater,1
oss,1
swim,1
sliding,1
simonetti,1
lombalgia,1
cto,1
ax4,1
macerata,1
cefalea,1
muscolo-tensiva,1
cuoio,1
capelluto,1
fornaca,1
molinette,1
c24,1
bogotà,1
montesilvano,1
agrícola,1
doméstico,1
prolungato,1
topico,1
applicazioni,1
ozonosoluzioni,1
ago,1
macchie,1
muy,1
emisora,1
fuente,1
sanremo,1
maugeri,1
invasiva,1
ovada,1
quito,1
sassuolo,1
sesto,1
calende,1
tallonite,1
destruye,1
tunnel,1
carpale,1
transdermica,1
acufeni,1
cdc,1
effettuata,1
dibujo,1
wave,1
lobster,1
voile,1
vasudevan,1
często,1
pop,1
percussion,1
symmetry,1
complicanze,1
phuket,1
upcoming,1
registration,1
residenza,1
percutanea,1
sac,1
ozone-group,1
stock,1
singing,1
igiene,1
takeover,1
therapies,1
services,1
property,1
promoters,1
bioetica,1
enterprise,1
emozione,1
etimologia,1
insolvency,1
wskazania,1
international,1
botanica,1
metrozone,1
perumbakkam,1
malta,1
jelenia,1
moldova,1
motor,1
net,1
http://ozone-group.net,1
shriram,1
taiwan,1
midwest,1
doctor.me,1
v.,1
mn,1
coast,1
they,1
dal,1
decidui,1
mouse,1
jesi,1
rent,1
auckland,1
skunk,1
fridge,1
dente,1
mire,1
jó,1
adelaide,1
szczecinie,1
303,1
bedroom,1
business,1
brands,1
senukai,1
gruppo,1
scielo,1
zoominfo,1
varici,1
l'uomo,1
togliere,1
nuoma,1
sydney,1
bulb,1
argos,1
alternative,1
aliexpress,1
ace,1
brooklyn,1
jujuy,1
alibaba,1
employee,1
group.hi,1
jenesco,1
glider,1
vosoco,1
hepa,1
czy,1
scrubber,1
dehumidifier,1
carbon,1
vancouver,1
vertebral,1
venturi,1
jelita,1
olmedo,1
capsulas,1
perez,1
cuba,1
xylem,1
xtreme,1
digital,1
voltage,1
bezpieczna,1
user,1
precautions,1
d.f.,1
respiramos,1
endodoncia,1
ano,1
specifications,1
suez,1
beber,1
vertebrales,1
minum,1
discos,1
troubleshooting,1
carros,1
transformer,1
tcb-93,1
usage,1
untuk,1
gliders,1
music,1
francese,1
groupon,1
frontera,1
arcos,1
bengaluru,1
group.com,1
chairman,1
settoriali,1
email,1
vocaboli,1
rai,1
ozio,1
cfo,1
complaints,1
nomenclatore,1
carbonyl,1
directors,1
gozzo,1
debt,1
bonding,1
boy,1
ashburton,1
potable,1
café,1
carlos,1
vulvodinia,1
group.hidoctor.me,1
d'or.com,1
biología,1
head,1
purificada,1
s.a.c,1
origine,1
articulaciones,1
parole,1
asolo,1
adani,1
anna,1
embotellada,1
melbourne,1
kc3500,1
frances,1
80,1
ozoncare,1
ingredientes,1
locion,1
pulidora,1
rotula,1
biodegradable,1
aerosol,1
piaghe,1
antirughe,1
y08913,1
antinfiammatoria,1
50+,1
loción,1
protección,1
pfs,1
profeco,1
sam's,1
derma,1
manchas,1
farmatodo,1
ozonoterapia+helicobacter,1
door,1
closer,1
fitting,1
cut,1
out,1
hydrazon,1
blupura,1
genitale,1
sorazon,1
hemorroides,1
castellanza,1
zoster,1
deo,1
animali,1
endurance,1
nuit,1
spf,1
psoriasi,1
ipn,1
día,1
formato,1
h,1
mutagena,1
h350,1
entrance,1
biotek,1
limited,1
icc,1
genotossico,1
party,1
tsim,1
sha,1
tsui,1
ritz-carlton,1
airc,1
zip,1
zanoni,1
pictures,1
cappa,1
biutecs,1
noaa,1
tavola,1
chimiche,1
foligno,1
articles,1
processo,1
continues,1
alcohol,1
scientists,1
schiuma,1
say,1
conditions,1
alcheni,1
fertilidad,1
casco,1
puro,1
slightly,1
intima,1
hydrate,1
lingering,1
humenne,1
high,1
quality,1
qtt,1
625,1
calgary,1
singapore,1
ran,1
odors,1
types,1
tips,1
winnipeg,1
xt,1
6000,1
xl-30be,1
stomatologii,1
xeoleo,1
ozone-generator,1
thunder,1
leczeniu,1
storm,1
windows,1
malaysia,1
module,1
menards,1
overnight,1
outdoor,1
osha,1
inutile,1
rzeszowie,1
scientifico,1
operating,1
warszawa,1
plates,1
nigeria,1
pest,1
bangladesh,1
plug,1
build,1
polsce,1
wlosy,1
gdansku,1
terza,1
geometry,1
gaetano,1
pini,1
superficie,1
tarme,1
concerns,1
et,1
impacts,1
hogares,1
limpiador,1
scissione,1
cabo,1
kaza,1
máquina,1
messico,1
poznaniu,1
cono,1
ibridazione,1
geometrie,1
terrestre,1
honduras,1
público,1
bug,1
zapper,1
scientifica,1
zontec,1
ziss,1
tz-1,1
chimie,1
air-zone,1
zackman,1
scientific,1
zotzmann,1
compatibilità,1
zokop,1
luz,1
bolestiva,1
cd,1
finally,1
cual,1
kaisa,1
internazionale,1
nirman,1
elettronica,1
produzione,1
aps,1
seed,1
nirmaan,1
sutra,1
semidesarrollada,1
senigallia,1
involved,1
développée,1
semi,1
structural,1
sarzana,1
considered,1
visheshtayen,1
nolo,1
q-factory,1
fz,1
neuropatia,1
polmoni,1
blank,1
anziani,1
zanone,1
half,1
fabio,1
translation,1
negrar,1
have,1
harming,1
letters,1
mainly,1
continuously,1
negli,1
inhalation,1
physique,1
why,1
perché,1
molecole,1
displayed,1
decomposition,1
respirator,1
tumore,1
passa,1
reactive,1
chemine,1
creation,1
lanciano,1
rise,1
pancreas,1
formuladel,1
toxicity,1
our,1
decomposizione,1
trapping,1
cancro,1
root,1
refrigeranti,1
quenching,1
oxidante,1
instruments,1
ozone's,1
material,1
compatibility,1
estructural,1
legnago,1
electron,1
percentage,1
mutua,1
properties,1
formulas,1
lamezia,1
periodic,1
table,1
purchase,1
preparation,1
heats,1
periferica,1
viscosity,1
yuman,1
montebelluna,1
banane,1
vidhi,1
jesolo,1
gorizia,1
gemelli,1
behavior,1
chromatography,1
ban,1
fvg,1
dolo,1
fermo,1
fotochimica,1
riccione,1
reazioni,1
zanussi,1
yeppon,1
nadu,1
monfalcone,1
pammam,1
gastrite,1
arduino,1
gastro,1
analyzer,1
atomic,1
embolia,1
gassoso,1
monitoring,1
environments,1
indane,1
applications,1
n2o,1
queretaro,1
climatica,1
tolmezzo,1
quas,1
quero,1
yoga,1
oncologica,1
capacity,1
wolf,1
osimo,1
haier,1
knee,1
flammable,1
640nh2xe0,1
hztf,1
zoppas,1
euronics,1
emana,1
muscle,1
ya,1
nahin,1
fotocopiatrici,1
fulmini,1
nervi,1
calibration,1
polmonare,1
cannizzaro,1
junker,1
density,1
canister,1
vov,1
uova,1
trony,1
sri,1
lanka,1
orizzonte,1
rex,1
consumers,1
mondo,1
constant,1
compressor,1
frost,1
mediaworld,1
convenienza,1
dannosi,1
index,1
stessa,1
volcanic,1
frutas,1
ciudad,1
fleas,1
pie,1
spiders,1
insects,1
kills,1
pastillas,1
plantas,1
podologia,1
ip400,1
lifespan,1
lung,1
ovulos,1
naturaleza,1
hoy,1
left,1
mayaguez,1
leaking,1
diabetico,1
purificacion,1
panama,1
kielce,1
obsługi,1
guide,1
tent,1
garage,1
hs,1
silencio,1
krwi,1
homemade,1
jr,1
refrigeracion,1
ayuda,1
hire,1
drying,1
inline,1
ireland,1
jaycar,1
lawsuit,1
ma5000,1
košice,1
mspa,1
oaw03,1
infiltración,1
output,1
oaw02,1
hospitales,1
concentrator,1
hidroponia,1
prominent,1
habitaciones,1
granos,1
granada,1
gotas,1
girolamo,1
filtros,1
rohs,1
hortalizas,1
ruined,1
dor,1
japones,1
napa,1
removing,1
embarazadas,1
mildew,1
rio,1
nikola,1
mujeres,1
joelho,1
merida,1
furnace,1
necklace,1
nicotine,1
nitric,1
acid,1
noise,1
ne,1
işe,1
yarar,1
instrukcja,1
em,1
vetro,1
kubín,1
johnson,1
piave,1
donà,1
parodontale,1
ozoral,1
koni,1
rughe,1
topical,1
ecowell,1
dossobuono,1
dla,1
quintana,1
balboa,1
best,1
blaster,1
bunnings,1
biltema,1
urbino,1
favismo,1
krakowie,1
miscela,1
l'effetto,1
welding,1
makes,1
chiarezza,1
part,1
facciamo,1
word,1
h2o2,1
endometriosi,1
ialuronico,1
lubrificante,1
rapid,1
foro,1
gelule,1
pareti,1
asiento,1
basement,1
insonnia,1
kontraindikacie,1
giorno,1
interior,1
katowice,1
efficiency,1
ulcere,1
consumption,1
enerzen,1
uñas,1
effectiveness,1
scrub,1
università,1
tablet,1
impact,1
egypt,1
uretra,1
pensar,1
kurs,1
pongo,1
frase,1
oracion,1
maja,1
kubin,1
circuit,1
dolný,1
codogno,1
uretrale,1
generator.com,1
california,1
all'uomo,1
dannose,1
vigo,1
dolny,1
krve,1
monte,1
causato,1
dkm-10gy,1
zapopan,1
web,1
zanchi,1
suspension,1
barcellona,1
biochemistry,1
incident,1
norte,1
adalah,1
ark,1
animals,1
zakopane,1
anatomy,1
follicle,1
berlin,1
bleach,1
biotin,1
beard,1
henge,1
zvolen,1
supply,1
bones,1
birds,1
finish,1
inwood,1
urbana,1
karaoke,1
monsoon,1
loup,1
kingscliff,1
k600,1
veracruz,1
sd40,1
lansing,1
kings,1
kontakt,1
cross,1
king-inox,1
kion,1
luzzara,1
kowloon,1
kakkanad,1
jakarta,1
hocatt,1
curry,1
singoli,1
leaves,1
epithelium,1
essen,1
enamel,1
spelling,1
epidermolysis,1
bullosa,1
englisch,1
eng,1
guwahati,1
faydaları,1
fingers,1
filaments,1
zielona,1
frizz,1
fighting,1
golden,1
gingiva,1
eyelid,1
eye,1
epithelial,1
dye,1
carrots,1
curly,1
deep,1
dermatology,1
cina,1
allée,1
schwangerschaft,1
guardo,1
epidermis,1
paws,1
haut,1
die,1
haare,1
ecm,1
egg,1
grab,1
michela,1
pagaie,1
goats,1
profumo,1
shisha,1
script,1
zambello,1
sklep,1
kurtki,1
jeansowe,1
shops,1
sabazia,1
clothing,1
bleaching,1
brand,1
rückruf,1
recall,1
zingonia,1
spodnie,1
helan,1
quebec,1
viareggio,1
toelettatura,1
tirelli,1
antonio,1
tweedehands,1
година,1
acueducto,1
ozium,1
нова,1
santander,1
dell'emilia,1
plantes,1
sherbrooke,1
nantes,1
hozono,1
borse,1
cirie,1
ischia,1
isernia,1
molise,1
panic,1
parrilla,1
paraspruzzi,1
vele,1
coffee,1
bracknell,1
cps,1
nyra,1
retail,1
bank,1
millennium,1
capital,1
queens,1
monsummano,1
orzinuovi,1
pasticceria,1
unico,1
wozniak,1
openzone,1
zambon,1
openjobmetis,1
manila,1
oeste,1
miranda,1
vest,1
vst,1
motorcycle,1
fourth,1
g,1
pokhara,1
dart,1
pattaya,1
pune,1
ebro,1
exoceat,1
omaha,1
opening,1
openrice,1
honey,1
tiktok,1
tee,1
garlic,1
gujarat,1
orale,1
handles,1
kleinanzeigen,1
kites.com,1
custom,1
c4,1
chrono,1
ceny,1
cult,1
caisson,1
dealers,1
depower,1
burlington,1
finland,1
flow,1
frenzy,1
fr,1
greece,1
mora,1
blizzard,1
buggy,1
boards,1
all'ozonoterapia,1
zararları,1
columbus,1
trasfusione,1
plantare,1
glutei,1
ozocream,1
multiossigen,1
carrara,1
sistemico,1
scabbia,1
trocanterite,1
kitestring,1
deutschland,1
polska,1
brasil,1
barn,1
headquarters,1
barby,1
kc,1
instinct,1
r1v4,1
riders,1
elettronici,1
snowkite,1
technical,1
mountain,1
surfing,1
switzerland,1
surfboard,1
türkiye,1
2.5,1
1.5,1
gotto,1
turkey,1
uno,1
pozzo,1
ventil,1
austin,1
accident,1
preço,1
nederland,1
israel,1
imp,1
ignition,1
land,1
leinen,1
manufacturer,1
dinner,1
norge,1
planche,1
serial,1
netherlands,1
octane,1
dharwad,1
adapter,1
pure,1
4-line,1
yogurt,1
loop,1
language,1
mucosa,1
lips,1
lebensmittel,1
hronom,1
sciences,1
milk,1
muscles,1
zębów,1
mascara,1
dance,1
mouth,1
nahrung,1
nose,1
nyc,1
noida,1
nägel,1
olaplex,1
okra,1
lahore,1
lungs,1
detergent,1
nad,1
gozo,1
gujarati,1
granular,1
hydrolyzed,1
ziar,1
histology,1
integumentary,1
jello,1
legon,1
johor,1
fort,1
kerastase,1
frisco,1
fire,1
lotion,1
finger,1
onion,1
organisms,1
wet,1
food&drink,1
thin,1
creatinine,1
mean,1
during,1
urea,1
vitamins,1
vegetables,1
vietnamese,1
virgin,1
vitro,1
carie,1
wool,1
whey,1
welchen,1
compact,1
watson,1
wee,1
tongue,1
riyadh,1
santa,1
pimples,1
odontogenic,1
tumors,1
ophthalmology,1
riva,1
perm,1
pores,1
powder,1
plancha,1
reis,1
cristina,1
rhino,1
horn,1
smooth,1
rice,1
reptiles,1
russian,1
turbo,1
towel,1
cmimi,1
action,1
dobson,1
units,1
data,1
avellino,1
documentary,1
evolution,1
evitare,1
piercing,1
europe,1
negozi,1
lombosacrale,1
equator,1
bilbao's,1
intermodal,1
ibiza,1
space,1
filling,1
vizcaya,1
discovery,1
contributes,1
aluminio,1
straightener,1
ultrasonic,1
white,1
electricas,1
more,1
pronounced,1
marco,1
article,1
descenso,1
animation,1
byjus,1
discussion,1
biggest,1
m19,1
oxides,1
chlorofluorocarbons,1
this,1
gehry,1
mehndi,1
firstly,1
jankari,1
junk,1
tatparya,1
heads,1
brunswick,1
shock,1
kisse,1
sambandhit,1
kid,1
kahulugan,1
kaha,1
payi,1
lie,1
may,1
decrease,1
myth,1
montreal,1
neural,1
jpg,1
cleanozone,1
summary,1
guernica,1
portugalete,1
lactancia,1
bigger,1
airbnb,1
elba,1
hoax,1
transcript,1
basic,1
happened,1
maximum,1
medi,1
largely,1
presence,1
jokes,1
fixit,1
serum,1
fragment,1
meme,1
f,1
bv1,1
caschi,1
apache,1
nanoo,1
cookie,1
exo,1
marca,1
plusmax,1
emotrasfusione,1
celle,1
kayak-leos,1
ozongwindi,1
lodge,1
ozone.kayak,1
amsterdam,1
olmo,1
unexpected,1
ozzy,1
rs,1
zipp,1
sandstorm,1
skopje,1
x-zone,1
careggi,1
ciclismo,1
x-bionic,1
dta,1
ultrashock,1
rezensionen,1
3000,1
r29,1
virgilio,1
24,1
visor,1
glass,1
29,1
nepal,1
elettrica,1
sterilizer,1
revive,1
hk-a1,1
stimulates,1
promote,1
make,1
healthy,1
klinik,1
gt,1
fixie,1
town,1
micro,1
diabete,1
bhringaraja,1
nardus,1
domodossola,1
setting,1
prishtine,1
dimagrimento,1
prishtina,1
biciclettaio,1
help,1
goonhavern,1
scalp,1
http://www.ozone.com.hk,1
neuropatico,1
rico,1
kayaks,1
jovanotti,1
amla,1
plaquetas,1
itu,1
friendly,1
apa,1
braiding,1
clinik,1
inzago,1
dryer,1
dirty,1
biciclette,1
protocol,1
yu,1
parapendio,1
tokuno,1
headphones,1
zampa,1
blue,1
cotone,1
organico,1
diesel,1
hogwarts,1
ovs,1
potter,1
gonna,1
geox,1
harry,1
oxigenoterapia,1
codes,1
pzo,1
saint,1
bg.com,1
meskie,1
igri,1
jbl,1
piede,1
wars,1
ecoguidato,1
cavallo,1
ninjago,1
detraibili,1
epidurali,1
gomito,1
protrusioni,1
rx,1
kush,1
kodove,1
kontakti,1
dolce,1
knigi,1
casalingo,1
usare,1
monts,1
shima,1
utero,1
chat,1
airpods,1
miraflores,1
nova,1
pour,1
r,1
bergamot,1
urbano,1
valvasone,1
war,1
oxia,1
collection,1
compresse,1
ozonette,1
garze,1
integratore,1
vip,1
jarabe.de.palo,1
jp7,1
495,1
delos,1
cuesta,1
ufo,1
only,1
zurigo,1
gonne,1
jabonde,1
pastilla,1
cuanto,1
among,1
apple,1
creed,1
cubano,1
ozoaqua,1
vivencia,1
rey,1
zote,1
assassin's,1
sauna,1
lingua,1
measurements,1
genital,1
d),1
1987,1
case,1
study,1
puzzle,1
problem,1
pic,1
pc,1
pokemon,1
position,1
patched,1
pbs,1
xxlite,1
quotation,1
backpack,1
alps,1
quran,1
1978,1
c),1
1985,1
nobel,1
xbox,1
telefoni,1
clashers,1
planner,1
telefon,1
regions,1
слушалки,1
prize,1
b),1
раници,1
ring,1
rabota,1
rabotodatel,1
xc,1
a),1
1975,1
queensland,1
repaired,1
traduttore,1
reason,1
volume,1
mishki,1
manga,1
магазини,1
monitori,1
initially,1
2000,1
magazin,1
recent,1
zones,1
agenti,1
inquinanti,1
locations,1
secondario,1
inalato,1
laptop,1
logitech,1
mikrofon,1
visualization,1
uvc,1
season,1
conversion,1
into,1
reduction,1
plovdiv,1
recovered,1
игри,1
5g,1
statistics,1
2011,1
timeline,1
lapse,1
nomer,1
treaty,1
theory,1
tasmania,1
thinning,1
effettua,1
