Latteria Sant'Andrea Societ Agricola Cooperativa\Via Ugo Bassi, 9, 31100 Treviso TV\http://www.lattsantandrea.com/dove-trovare-i-prodotti-latteria-santandrea/\0422 302327\info@lattsantandrea.com\TV\
Spaccio di Treviso Caseificio Venturin\Via Everest, 9/C, 31100 Treviso TV\https://www.aziendaagricolaventurin.it/\0422 157 6622\\TV\
Caglio Vitello\Via Plinio Il Vecchio, 18, 31100 Treviso TV\\0422 400300\\TV\
La Bufala di Treviso Tre Comuni\Via L. Ellero, 18, 31100 Treviso TV\http://www.trecomuni.it/\389 631 6745\\TV\
3 Comuni - La bufala di Treviso\Via Terraglio, 72/a, 31100 Treviso TV\http://www.trecomuni.it/\329 931 1080\\TV\
Latte e formaggi, salumi e piaceri alimentari\Via Sant'Antonino, 110, 31100 Treviso TV\https://www.lattee.it/\0422 320716\info@lattee.it\TV\
Il Caseificio di Roncade\Via Pantiera, 5, 31056 Roncade TV\http://www.ilcaseificiodironcade.it/\0422 707016\info@ilcaseificiodironcade.it\TV\
Caseificio Artigiano Zanchetta\Via Trento e Trieste, 17, 31032 Casale Sul Sile TV\http://www.prontolatte.it/\\\TV\
Latteria Turnaria Azzolin\Via Barbarana, 88, 31050 Monastier di Treviso TV\\347 895 2681\\TV\
A.PRO.LA.V.\Vicolo Giuseppe Mazzini, 2, 31020 Villorba TV\https://www.aprolav.com/\0422 422040\\TV\
Caseificio Fratelli Castellan\Via Sotto Treviso, 45, 31047 Ponte di Piave TV\http://www.fratellicastellan.it/\0422 759672\\TV\
