Salumificio Da Pian\Via Internati 1943 - 1945, 12, 31057 Silea TV\https://www.dapian.it/le-specialita/\0422 362477\info@dapian.it\TV\
Pagotto Carni Macelleria Gastronomia Salumificio\Via Grande di Pezzan, 52, 31030 Pezzan TV\https://www.pagottocarni.it/\0422 397378\pagotto.carni@libero.it\TV\
La Salumeria di Eustacchio\Via Maffeo Pantaleoni, 1, 31030 Dosson TV\http://www.salumeria-eustacchio.it/\0422 491659\salumeria-eustacchio@tecnopec.it info@salumeria-eustacchio.it\TV\
Becher S.p.a\Via Postumia, 36, 31050 Ponzano Veneto TV\https://www.becher.it/\0422 9613\\TV\
Salumificio Roncadese\Via F. Manera, 21, 31056 Roncade TV\http://www.salumificioroncadese.it/\0422 840725\\TV\
Salumificio e ingrosso carni Toresan\Via Talponera, 66/a, 31050 Ponzano Veneto TV\http://www.toresan.it/\0422 523296\info@toresan.it mario@rossi.it\TV\
Salumificio Piovesan S.r.l.\Via Cal Lusent, 55, 31040 Pederobba TV\http://www.salumificiopiovesan.com/\0423 688718\info@salumificiopiovesan.com\TV\
Salumi De Stefani Srl\Str. di Guia, 31, 31049 Valdobbiadene TV\https://www.salumidestefani.it/\0423 901065\\TV\
Salumificio Stecca Srl\Via del Cristo, 11C, 31044 Montebelluna TV\http://www.salumificiostecca.it/\0423 86270\salumificiosteccasrl@gmail.com\TV\
Salumificio Bianco Angelo\Via Roma Fraz. Solighetto, 14, Via Roma, 14, 31053 Solighetto TV\https://www.salumificiobianco.com/\0438 82805\info@salumificiobianco.com\TV\
SALUMIFICIO SPADER\Via Europa Unita, 13, 31010 Mosnigo TV\https://salumificio-spader.business.site/\0438 189 5591\\TV\
Latte e formaggi, salumi e piaceri alimentari\Via Sant'Antonino, 110, 31100 Treviso TV\https://www.lattee.it/\0422 320716\info@lattee.it\TV\
Sartorato Ferdinando & C. s.n.c.\Viale IV Novembre, 41, 31100 Treviso TV\https://www.facebook.com/MacelleriaSartoratoTrevisoFiera/\0422 56594\\TV\
Salumificio Follinese\Via dei Cavalli, 6, 31051 Follina TV\\\\TV\
Spaccio Becher\Via Roma, 1, 31050 Ponzano TV\https://www.becher.it/spaccio-becher/\0422 961499\Spaccio-carousel-1-600x600@2x.jpg info@becher.it Spaccio-carousel-4-600x600@2x.jpg Spaccio-carousel-6-600x600@2x.jpg Spaccio-carousel-2-600x600@2x.jpg Spaccio-carousel-3-600x600@2x.jpg Spaccio-carousel-5-600x600@2x.jpg\TV\
Sartorato Ferdinando & C. S.N.C.\Str. Terraglio, 88, 31100 Treviso TV\\0422 402634\\TV\
Salumificio Azienda Agricola Torresan s.s.\Via Ivo Lollini, 16, 31035 Crocetta del Montello TV\https://www.salumitorresan.it/\0423 84845\\TV\
Zucchello Emporium\Via di S. Pelaio, 135, 31100 Treviso TV\http://www.zucchello.it/\0422 301171\\TV\
Ivo il mio macellaio\Via Sant'Agostino, 41, 31100 Treviso TV\https://www.latartara.it/\0422 547713\\TV\
Bortolato & Foglia SAS\Via Aeroporto, 12, 31055 Quinto di Treviso TV\http://www.bortolatoefoglia.it/\0422 470290\commerciale@bortolatoefoglia.it\TV\
Cuore iberico\Via Noalese, 119/A, 31100 Treviso TV\https://cuoreiberico.it/\0422 827121\vendor-support@1.5\TV\
Gastronomia Danesin\Corso del Popolo, 22/24, 31100 Treviso TV\https://www.danesin.it/\0422 540625\danesin.tv@gmail.com\TV\
